id,name,beef_type,egg_type,coffee_type,description,menus_appeared,times_appeared,first_appeared,last_appeared,lowest_price,highest_price
325594,"PEIXE ESPADA GRELHADO, MAITRE D'HOTEL",False,False,False,,1,1,1939,1939,0,0
333801,FRESH FRUIT COCKTAIL EIRE STYLE,False,False,False,,1,1,1941,1941,0,0
136097,VELOUTE D'ASPERGES,False,False,False,,1,1,0,0,,
13571,"FILLET OF BEOUF, AUX CHAMPIGNONS",False,False,False,,2,2,1900,1900,0,0
168751,"HEARTS OF LETTUCE, FRENCH DRESSING",False,False,False,,20,21,1913,1964,0.3,0.6
497706,GREEN TURTLE EN TASSE,False,False,False,,1,1,1913,1913,,
509907,"1934 BRAUNEBERGER MOSEL, MAAS, NATHAN & CO",False,False,False,,1,1,1938,1938,0,0
453654,"ROQUEFORT, DOMESTIC",False,False,False,,2,1,0,0,0,0
434561,"SCOTCH, KING WILLIAM IV",False,False,False,,2,2,1914,1914,0.2,0.2
245089,SAUVIGNON BLANC *BARON BRIARE * 1984 * FRANCE,False,False,False,,1,1,1986,1986,2.75,10.95
273957,ARTICHAUTS A LA RUSSE,False,False,False,,1,1,1961,1961,0,0
100866,"VEAL CUTLET BROILED, FRIED OR BREADED",False,False,False,,1,1,1900,1900,0,0
349921,CANADA MUTTON CHOP,False,False,False,,33,33,1933,1933,0.65,1.7
236129,BEAN CURD WITH CHINESE MUSHROOMS,False,False,False,,1,1,1977,1977,3.75,3.75
309378,FILET OF CABRILLA BROILED LEMON ANCHOVY SAUCE,False,False,False,,1,1,1946,1946,3,3
30479,STEAK SIRLOIN WITH MUSHROOMS,False,False,False,,1,1,1901,1901,0,0
498687,SMOKED KENNEBECK SALMON,False,False,False,,1,1,1913,1913,0.4,0.4
323866,"ERNEST IRROY, EX QUALITY, CARTE D'OR 1928",False,False,False,,1,1,1939,1939,0,0
271938,ZITI WITH CALABRESE SAUCE,False,False,False,,1,1,1961,1961,0,0
405881,BROILED LIVE CODE,False,False,False,,1,1,1917,1917,0.65,0.65
26273,HOMINY FRITTERS CURRANT SAUCE,False,False,False,,1,1,1900,1900,0,0
243064,CAPPUCCINO DECAFFEINATO,False,False,False,,1,1,0,0,2.75,2.75
242872,"SAUMON DE GACHPE A LA FLECHE COMME JADIS, SAUCE CHORON",False,False,False,,1,1,1958,1958,0,0
345109,CELERY PHOSPHATE,False,False,False,,1,1,1938,1938,0,0
208138,CHILLED ALBERTA PEACHES WITH CREAM,False,False,False,,5,5,1969,1969,0,0
22632,"OYSTER STEW, PLAIN",False,False,False,,8,8,1900,1945,0.2,20
382332,CHICORY SALAD,False,False,False,,161,165,1899,1937,0.15,0.6
61532,"BEEF STEAK, FRIED ONIONS",True,False,False,,1,1,1901,1901,0,0
301764,CHICKEN AND HAM PIE 5/6,False,False,False,,1,1,1955,1955,0,0
105143,"SPANISH MACKEREL, BROILED, MAITRE D'HOTEL",False,False,False,,1,1,1901,1901,0,0
286273,OYSTER MORNAY (6),False,False,False,,2,2,1963,1963,0,0
243827,"BROILED SWORDFISH STEAK FLORIDA, FRENCH FRIED POTATOES",False,False,False,,1,1,1985,1985,2.75,2.75
312235,VINTNER'S SAUTERNE,False,False,False,,3,3,1943,1946,0.3,0.3
4224,TABLE CELERY,False,False,False,,237,251,1892,1969,0.05,35
236950,ASSORTED FRENCH CHEESE,False,False,False,,3,3,1958,1958,,
436847,POLAND WATER STILL,False,False,False,,1,1,1914,1914,0.4,0.4
288462,NEW YORK BONELESS SIRLOIN,False,False,False,,1,1,1963,1963,4.25,4.25
128307,"PAN ROAST, LITTLE NECKS",False,False,False,,1,1,1900,1900,0.5,0.5
51079,FRIED MAIDEN SOLE,False,False,False,,6,6,1900,1900,0,0
204376,ROASTED RIB EYE STEAK ON THE BONE (2 PERS) SHALLOT SAUCE,False,False,False,,1,1,0,0,58,58
317622,MCCALLUM'S PERFECT SCOTCH WHISKEY,False,False,False,,1,1,1949,1949,0.75,0.75
292355,POTAGE WASHINGTON,False,False,False,,2,2,1955,1957,0,0
141696,VERMICELLES MIT RAHM,False,False,False,,6,6,1957,1983,0,0
27817,FLAGEOLETS BEANS,False,False,False,,2,2,1900,1900,0.5,0.5
148300,PENNE FACON GRAND-MERE,False,False,False,,1,1,0,0,0,0
36292,CONSOMMÉ À LA MONACO,False,False,False,,4,4,1900,1906,0,0
430611,FRUIT SALAD EN SEASON,False,False,False,,1,1,1914,1914,,
53274,EISCHAUM-NOCKEN,False,False,False,,2,2,1901,1901,0,0
439067,GATEAUX ST HONORE,False,False,False,,1,1,1895,1895,,
291973,BELGIAN ENDIVES IN BROWN BUTTER,False,False,False,,2,2,1959,1959,,
82285,"VEUVE CLICQOUT, GOLD LABEL, BRUT",False,False,False,,1,1,1900,1900,2,3.75
293589,CREAM CAROLINE SOUP,False,False,False,,1,1,1953,1953,0,0
292628,MARTIN'S V V O (20 YRS),False,False,False,,1,1,1957,1957,1.25,1.25
323927,CH BRANE-CANTENAC (CANTENAC) 1899,False,False,False,,1,1,1939,1939,0,0
114303,"OTARD, DUPUY & CO GOLD SEAL, 1820",False,False,False,,1,1,1892,1892,6,6
196860,HOLLANDAISE-SALAT,False,False,False,,1,1,1910,1910,0,0
251774,"SUPREME OF CHICKEN, SAUTE CACCIATORA",False,False,False,,1,1,1959,1959,0,0
476680,GREEN GODDESS,False,False,False,,2,2,0,0,,
174263,"HUEVOS RANCHEROS (FRIED EGGS ON TORTILLA, SERVED WITH TOMATO SAUCE)",False,False,False,,1,1,1966,1966,1.85,1.85
351534,GRENADINE COCKTAIL,False,False,False,,11,11,1932,1933,0,0
195402,MALTESER REIS-CREME,False,False,False,,2,2,1910,1910,0,0
423771,CLAM CHOWDER WITH WAFERS OR HOME-MADE BREAD (FRIDAY),False,False,False,,1,1,1915,1915,0.15,0.15
341541,"PRIME RIB OF BEEF, PAN GRAVY",True,False,False,,1,1,1934,1934,0.85,0.85
408167,CUP CAKES (3),False,False,False,,1,1,1917,1917,0.05,0.05
65783,ALTER SHERRY,False,False,False,,2,2,1901,1901,0,0
500686,"LOBSTER, FULL ORDER",False,False,False,,1,1,1913,1913,0.7,0.7
351394,"COFFEE ICE CREAM, CARAMEL SAUCE",False,False,True,,4,4,1933,1933,0,0
223420,CORNED BEEFON RUSSIAN RYE BREAD,False,False,False,,1,1,1965,1965,1.5,1.5
56692,ROAST TAME DUCK & JELLY,False,False,False,,2,2,1900,1900,0,0
217066,THE DE MENTHE,False,False,False,,10,10,1937,1972,,
329501,BROILED FRESH POMPANO FILET IN LEMON BUTTER,False,False,False,,1,1,1940,1940,1.15,1.15
145777,ICE CREAM - PAPPAGALLO'S SPECIALITY,False,False,False,,1,1,0,0,0,0
4616,ESSENCE OF CHICKEN,False,False,False,,5,5,1900,1907,0.3,0.3
340916,GNOCCHI DI PATATE ALLA VENETA,False,False,False,,1,1,1980,1980,0,0
474305,"TRIPES A LA POLONAISE, PP",False,False,False,,1,1,1912,1912,0,0
361158,"SHORE DINNER, LESS CRAB AND CHICKEN",False,False,False,,1,1,1938,1938,0,0
102648,ITALIAN HAM,False,False,False,,16,16,1900,1973,0.1,0.1
465175,ROAST DUCK WITH ORANGE SAUCE,False,False,False,,1,1,1978,1978,,
394889,OYSTER (SADDLE ROCKS) FRY,False,False,False,,1,1,1917,1917,0.5,0.5
1210,"LETTUCE, FRENCH DRESSING",False,False,False,,71,71,1890,1928,0.1,0.35
428874,"SWEETBREAD, TZARINE",False,False,False,,6,6,1912,1915,0.75,0.75
452687,"[COLD] EGG, ROBINSON",False,True,False,,1,1,0,0,0,0
71818,"SWEETBREAD CUTLETS, PARISIAN FASHION",False,False,False,,1,1,1891,1891,0,0
952,BRAWN,False,False,False,,158,158,1892,1910,0,0
136635,SOLE GRILLEE BEURRE MAITRE-D HOTEL,False,False,False,,1,1,1976,1976,0,0
249208,HALF FRIED SPRING CHICKEN ( 25 MINS),False,False,False,,1,1,1957,1957,2.25,2.25
336735,"*WHITEFISH, AMENDINE",False,False,False,,1,1,1937,1937,0,0
435886,OYSTER OMELETTE WITH CREAMED POTATOES,False,False,False,,1,1,1914,1914,0.5,0.5
80193,KOFFIE,False,False,False,,19,19,1887,1973,0,0
493662,MADÈRE,False,False,False,,4,4,1880,1928,0,0
293494,"BOILED FRESH BRISKET OF BEEF, HORSERADISH SAUCE, BOUILLON POTATOES",True,False,False,,2,2,1953,1953,0,0
308865,"CANARDS A TETE ROUGE, SALADE DE LAITUE",False,False,False,,1,1,1892,1892,0,0
451459,MOET AND CHANDON DRY IMPERIAL 1884,False,False,False,,1,1,1888,1888,,
384588,BROILED GUINEA CHICKEN,False,False,False,,91,92,1918,2928,0.1,1.75
231927,"SHRIMP VEGETABLE FRESH SHRIMP COOKED WITH HEARTS OF CHINESE GREENS, MUSHROOMS AND WATER CHESTNUTS",False,False,False,,1,1,1967,1967,2.95,2.95
241639,TOSTA DE CREVETTES ROTHSCHILD,False,False,False,,1,1,1958,1958,24,24
319354,"FRESH JUMBO SHRIMPS (BREADED) WITH TARTAR SAUCE, FRENCH FRIED POTATOES AND COLE SLAW",False,False,False,,1,1,1943,1943,0,0
294885,"HOT SLICED TURKEY SANDWICH MORNAY, IN POTATO BORDURE, WITH FRESH ASPARAGUS",False,False,False,,1,1,1953,1953,1.65,1.65
470748,LE POTAGE,False,False,False,,1,1,1977,1977,,
75264,ROQUEFORT CHEESE AND BENT'S CRACKERS,False,False,False,,1,1,1898,1898,0,0
2812,PAUL JONES,False,False,False,,13,13,1900,1959,0.1,1.5
104232,SCHWESERPASTETEN,False,False,False,,1,1,1891,1891,0,0
311611,COFFEE SUNDAE,False,False,True,,3,3,1939,1948,0.25,0.3
496200,PLANKED EXTRA DELMONICO STEAK,False,False,False,,1,1,1913,1913,2.5,2.5
451220,34- MAVRODAPHNE ACHAIA CLAUSS,False,False,False,,1,1,1959,1959,3.75,3.75
260648,LASAGNES GRATINIERI,False,False,False,,1,1,1987,1987,0,0
124451,NEW BEETS FINES HERBES,False,False,False,,1,1,1901,1901,0,0
118619,PERDREAUX FLANQUES DE CAILLES SUR CANAPE,False,False,False,,1,1,1898,1898,0,0
143368,RUDESHEIMER 1962 LANGENBACH,False,False,False,,1,1,0,0,0,0
501292,"PERRIER, JOUET & CO EX SP DRY 1900",False,False,False,,1,1,1913,1913,,
363062,JELLIED ESSENCE OF BEEF TOMATO OR OKRA,True,False,False,,1,1,1933,1933,0,0
305457,HEAD LETTUCE WITH THOUSAND ISLAND DRESSING,False,False,False,,2,2,1944,1947,0,0
342208,"BROILED LOBSTER DAINTIES, [DENMARK], DRAWN BUTTER, BROCCOLI, FRENCH FRIED POTATOES",False,False,False,,1,1,1962,1962,0,0
244104,AMYCHILI W/MEAT & BEANS (SEASONAL),False,False,False,,1,1,1985,1985,0,0
375682,JOB GENUINE JN BARDOU) 100 LEAVES,False,False,False,,2,2,1920,1920,0.1,0.1
126273,CREME D'ASPERGES NOUVELLES AUX FLEURONS,False,False,False,,1,1,1906,1906,0,0
442800,"TOMATO, STUFFED A LA MEYER (1)",False,False,False,,1,1,1914,1914,0.35,0.35
160729,"KONIGSBERGER KLOPS IN KAPERNSAUCE, ROTE BETE, KARTOFFELN",False,False,False,,1,1,1965,1965,0,0
296409,KIPPERED ALASKA COD,False,False,False,,1,1,1955,1955,0,0
377462,"SARDINE, WHOLE",False,False,False,,1,1,1919,1919,0.4,0.4
496347,SPECIAL-OLD=FASHIONED STRAWBERRY SHORT CAKE,False,False,False,,1,1,1913,1913,0.1,0.1
304135,FRIED CHERRYSTONE CLAMS (9),False,False,False,,2,2,1945,1945,0.65,0.65
341505,APFELSINEN-EIS MIT GEBACK,False,False,False,,1,1,1935,1935,0,0
463188,CHICKEN FRICASSEE WITH BOILED RICE,False,False,False,,1,1,0,0,0,0
506991,NEU SELTERS,False,False,False,,1,1,1918,1918,0.2,0.2
474218,"FRIED MACKEREL, MUSTARD SAUCE",False,False,False,,1,1,1912,1912,0.75,0.75
128329,"LITTLE NECK CLAMS, ROASTED IN SHELL",False,False,False,,1,1,1900,1900,0.35,0.35
234904,ROOT BEER BLUE SKY SODA,False,False,False,,1,1,1984,1984,1,1
348598,"SAVENNIERES, CHATEAU DE CHAMBOUREAU",False,False,False,,1,1,1938,1938,0,0
93027,ECARLATE,False,False,False,,1,1,1895,1895,,
80606,"BRANDY, MARTEL XXX",False,False,False,,1,1,1892,1892,2.5,24
234259,BRANDY (DOMESTIC),False,False,False,,3,3,1947,1966,0.38,0.8
170818,"1964ER CHATEAU LA TOUR GAYET, COTES DE BLAYE AC",False,False,False,,1,1,0,0,0,0
118440,FARCIRTER PUTER A L'IMPERIALE,False,False,False,,1,1,1899,1899,0,0
40684,SMALL TENDERLOIN STEAK AUX OLIVES,False,False,False,,2,2,1900,1900,0,0
509500,"ZWIEBELFLEISCH MIT SPÄTZLE, GEMISCHTER SALAT",False,False,False,,1,1,1978,1978,0,0
368779,"SOUP, PUREE JACKSON WITH LEEKS AND CELERY",False,False,False,,1,1,1927,1927,0,0
111775,LEXINGTON APPETIZER,False,False,False,,1,1,1907,1907,0,0
479488,"SOUTHER COLADA - SOUTHERN COMFORT, ANANASSAFT, KOKOSNUSSCREME",False,False,False,,1,1,0,0,0,0
377526,"HAM, REDUCED PORTION WITH (2) EGGS",False,False,False,,1,1,1919,1919,0.7,0.7
223882,MUNCHNER SAUERKRAUTPLATTE REICH GARNIERT,False,False,False,,1,1,1978,1978,0,0
507483,CHAMPIGNONS À LA CREME M RISTET BRØD,False,False,False,,1,1,0,0,0,0
68720,APPLE OR PEACH PIE,False,False,False,,9,9,1900,1917,0.05,0.15
141005,CAILLES ROTIES (2 PIECES),False,False,False,,1,1,0,0,0,0
492412,FILET OF BEEF WITH MUSHROOMS,True,False,False,,1,1,1913,1913,,
383655,"CODFISH TONGUES, BROWN BUTTER",False,False,False,,13,13,1912,1916,0.35,0.65
452984,CHARLOTTE KLONDYKE,False,False,False,,1,2,0,0,0,0
159687,SHERRY DRY 5 CL,False,False,False,,1,1,0,0,0,0
401862,"TURKEY CUTLETS, CREAMED CARROTS AND GREEN PEAS",False,False,False,,1,1,1917,1917,0.65,0.65
65393,"BEATRICE CAKE, PER LB",False,False,False,,1,1,1900,1900,0,0
490774,"FILET OF BEEF, PIQUE, COLBERT",True,False,False,,1,1,1900,1900,,
45137,BRANDY PEACHES PRESERVES,False,False,False,,2,2,1898,1900,0.3,0.5
437737,HIS EYE BEGETS OCCASION FOR HIS WIT,False,False,False,,1,1,1914,1914,,
239709,"VERSCHIEDENE GEFULLTE EIER, GARNIERT, BUTTER UND BROT",False,False,False,,1,1,1958,1958,0,0
35623,BUTTER SERVED FREE WITH ORDERS AMOUNTING TO 40C,False,False,False,,1,1,1901,1901,0,0
232786,CONSOMME BELLE FERMIERE,False,False,False,,7,7,1953,1965,0,0
461512,"ROAST BEEF, PER CUT",True,False,False,,5,5,1914,1914,0.5,0.5
272290,TWO BROILED PORK CHOPS * FF POTATO,False,False,False,,1,1,1961,1961,1.6,2
90067,CHOCOLATE DRINK,False,False,False,,10,10,1900,1958,0.1,0.35
336926,BROILED BC SALMON,False,False,False,,2,2,1937,1937,0,0
498937,FRIED HAM AND ONE FRIED EGG,False,True,False,,2,2,1913,1913,,
139503,GRAVAD STROMMING MAYONAISE,False,False,False,,1,1,1961,1961,0,0
479871,BLATTSALATE MIT HANDGESCHÖPFTEM SCHAFSKÄSE,False,False,False,,1,1,0,0,0,0
290901,MIRTILLI GREMOLATA,False,False,False,,1,1,1963,1963,0,0
393414,SEIDEL 20,False,False,False,,1,1,1917,1917,0.4,0.75
79917,BOMBE REGENCE,False,False,False,,1,1,1906,1906,0.4,0.4
229253,"L'ENTRECOTE A LA BERCY - NEW YORK STRIP STEAK, WITH SHALLOTS, AND FRENCH FRIED POTATOES",False,False,False,,1,1,1981,1981,0,0
320763,EGG NOGG WITH BRANDY,False,True,False,,3,3,1941,1943,0.65,0.75
112781,RINDERZUNGE ROASTBEEF,False,False,False,,1,1,1899,1899,0,0
84768,JOHANNISBERG CLAUSS '86,False,False,False,,2,2,1900,1900,1.6,3
488107,SPARKLING BURGUNDY,False,False,False,,3,3,1913,1918,1.65,3.5
414243,RYE BREAD AND BUTTER,False,False,False,,1,1,1942,1942,0.15,0.15
463027,"EGG, ROSE",False,True,False,,1,1,0,0,0,0
254227,"ORANGE YOU GLAD YOU WILL BE WHEN YOU TASTE THIS SPECIAL BLEND OF MANDARIN ORANGE SHERBET, ORANGE JUICE AND GINGER",False,False,False,,1,1,1987,1987,1.75,1.75
328172,BREAST OF CHICKEN IN CREAM IN SHOESTRING POTATO NEST,False,False,False,,1,1,1940,1940,1,1
323774,SURPRISE OF FRUIT,False,False,False,,1,1,1939,1939,0,0
276177,CILL MANTAIN PEAS,False,False,False,,1,1,1963,1963,0,0
190157,"CHINESE MUSHROOMS AND PORK CHOW MEIN (PAN FRIED NOODLES, SOFT OR CRISP)",False,False,False,,1,1,0,0,0.7,1.3
433070,"BANANA FRITTERS, BRANDY SAUCE",False,False,False,,3,3,1914,1914,0.1,0.1
480179,1954ER OCKFENER BECKSTEIN,False,False,False,,1,1,0,0,0,0
435474,TORTUE VERTE AU MARSALA,False,False,False,,1,1,1914,1914,,
354474,*FILET OF SOLE WITH FRESH SPINACH FLORENTINE,False,False,False,,1,1,1933,1933,0,0
186399,ROLLED OATS WITH MILK,False,False,False,,5,5,1919,1948,0.2,0.3
260800,ETWAS KOSTLICH ERFISCHENDES 1/2 LITER LAGERBIER (HELL),False,False,False,,1,1,1962,1962,0,0
64969,"RUMPSTEAK, HERB-BUTTER, TURKISH PEAS, FRIED POTATOES",False,False,False,,1,1,1901,1901,0,0
9425,PUREE ST GERMAIN,False,False,False,,4,4,1900,1906,0.2,0.35
88200,"LOBSTER, NEPTUNE",False,False,False,,2,2,1905,1905,0.7,1.25
108199,SCUPPERNUNG,False,False,False,,1,1,1900,1900,0,0
195420,GESALZ SPANISCHE MAKRELE COWING,False,False,False,,1,1,1910,1910,0,0
306282,BEAN SPROUT FOO YOUNG DAN,False,False,False,,1,1,1944,1944,0.5,0.5
26652,STEWED NEW BEETS,False,False,False,,3,3,1900,1906,0.1,0.1
497953,"VEAL CUTLET BREADED, TOMATO",False,False,False,,0,0,0,0,0,0
463537,MARTINEZ DEL CERRO AMONTILLADO SHERRY,False,False,False,,1,1,0,0,0,0
99490,HAMBURGER ROAST TOMATO SAUCE,False,False,False,,2,2,1900,1906,0,0
486991,"CALF'S BRAINS FRIED, TOMATO SAUCE",False,False,False,,2,2,1913,1913,0.45,0.45
213564,HALF FLORIDA GRAPEFRUIT (IN SEASON),False,False,False,,1,1,1975,1975,0.7,0.7
93339,"MANUEL GARCIA, PURITANOS",False,False,False,,4,4,1900,1920,0.15,8.75
131082,MT VERNON CHERRY WHIPS,False,False,False,,1,1,1901,1901,0,0
321713,"CONCH STEW WITH PEAS & RICE, COLESLAW, POTATO SALAD, VEGETABLES OR BAKE POTATO",False,False,False,,1,1,1995,1995,15,15
193566,PRUNEAUX A L'ARMAGNAC (GLACE VANILLE),False,False,False,,1,1,0,0,0,0
401855,"LOIN LAMB CHOP, BRUSSELS SPROUTS (15 MIN)",False,False,False,,1,1,1917,1917,0.45,0.45
236264,LE GATEAU MAISON (RUM CAKE),False,False,False,,1,1,0,0,0.85,0.85
497446,CHÂTEAU ÉVANGILE 1967,False,False,False,,1,1,1976,1976,0,0
456728,TOASTED ROLLS WITH WITH A SMALL PITCHER OF CREAM AND WITH BUTTER,False,False,False,,1,1,0,0,0,0
235817,BAVAROIS AUX FRAMBOISES CHANTILLY,False,False,False,,2,2,1966,1966,0,0
137931,GRAN FRITTO DI MISTO MARE,False,False,False,,1,1,1980,1980,0,0
278471,OMBLE CHEVALIER AU BEURRE BLANC,False,False,False,,1,1,1990,1990,0,0
64182,FRICANDEAU VEAL AND OLIVES,False,False,False,,1,1,1900,1900,0,0
350837,SHAD ROE SAUTE MEUNIERE,False,False,False,,13,14,1933,1933,1.25,1.35
248003,"BROILED LAMP CHOPS, TWO",False,False,False,,1,1,1957,1957,2.75,2.75
122401,"PEPPER-POT, PHILADELPHIA STYLE",False,False,False,,1,1,1900,1900,0,0
336242,KRUMBLES,False,False,False,,3,3,1921,1937,0,0
399522,"STRAWBERRY, PEACH OR RASPBERRY JAM",False,False,False,,1,1,1917,1917,0.2,0.2
110817,LADY CAKES,False,False,False,,2,2,1907,1921,0,0
134232,BUERGERBRAU,False,False,False,,1,1,1900,1900,0,0
229657,PEACH COCKTAIL WITH SCHWARZWALD KIRSCH,False,False,False,,2,2,1965,1965,0,0
367522,SEA FOOD A LA MIRAMAR,False,False,False,,1,1,1933,1933,0,0
18775,POUDING A L'IMPERATRIX,False,False,False,,1,1,1900,1900,,
207444,"BLUE CHEESE DRESSING, EXTRA",False,False,False,,1,1,1969,1969,0.25,0.25
425017,HOT + BUNS,False,False,False,,1,1,1915,1915,0.05,0.05
395720,DINNER READY,False,False,False,,1,1,1917,1917,,
109996,"CREAM OF FOWL, SOUFFLE",False,False,False,,1,1,1907,1907,0,0
87553,"VEAL BRAINS, AU BEURRE NOIR",False,False,False,,1,1,1901,1901,0,0
435746,GREEN RIVER WHISKY,False,False,False,,1,1,1914,1914,0.15,0.15
456495,"LOBSTER NEWBURG, MARYLAND",False,False,False,,0,0,0,0,0,0
323938,CHATEAUNEUF DU PAPE 1933,False,False,False,,2,2,1939,1939,,
251227,ST IVEL CHEESE,False,False,False,,2,2,1925,1959,,
142989,VINTAGE PORT MARTINEZ 1963,False,False,False,,1,1,1974,1974,0,0
484955,FRESH HOME=MADE RHUBARB PIE,False,False,False,,7,8,1913,1913,0.05,0.05
456601,LETTUCE AND GREEN PEPPER SALAD,False,False,False,,1,1,0,0,0,0
412450,CREAM OF WILD CHERRY BRANDY,False,False,False,,2,2,1917,1917,0.3,0.3
435792,ALLASH CORDIAL,False,False,False,,1,1,1914,1914,0.15,0.15
514818,STANDARD BRANDS BLENDED RYE,False,False,False,,1,1,0,0,0,0
471273,EGGS AND RAREBITS,False,False,False,,1,1,1957,1957,,
416761,DELIKATESS-HÄRING,False,False,False,,1,1,1906,1906,,
379205,CLUB STEAK WITH MUSHROOMS,False,False,False,,9,9,1917,1919,2.75,3.7
454936,CHATEAU LATOUR BLANCHE B & G SAUTERNES,False,False,False,,1,1,0,0,0,0
283273,GASTON DE LA GRANGE NAPOLEAN COGNAC,False,False,False,,1,1,1990,1990,0,0
19720,HOT OATMEAL AND CREAM,False,False,False,,2,2,1900,1900,0.2,0.2
21522,MEXICAN TAMALES,False,False,False,,2,2,1901,1901,0.25,0.25
413843,FR OCHSENBRUST FLAMISCH MIT BOUILLONKARTOFFELN UND SAHNEMEERRETTICH,False,False,False,,1,1,1973,1973,0,0
65644,MIGNARDISES,False,False,False,,98,103,1905,1990,0.5,0.5
428742,SORBET CURACAO,False,False,False,,1,1,1915,1915,0.4,0.4
219673,"CALIFORNIA FRESH FRUIT SALAD, WITH COTTAGE CHEESE, SOUR CREAM",False,False,False,,1,1,1979,1979,6.5,6.5
341888,SPECIAL CUP OF TEA,False,False,False,,1,1,1935,1935,0,0
111324,INDIVIDUAL WEDDING CAKES FOR EVERYBODY,False,False,False,,1,1,1907,1907,0,0
404365,"BROILED FLOUNDER, MAITRE D'HOTEL",False,False,False,,1,1,1917,1917,0.55,0.55
383374,MONKS BEARD [SALAD],False,False,False,,1,1,1916,1916,0.4,0.4
396047,OLD NAVY SCOTCH WHISKEY,False,False,False,,2,2,1917,1917,0.3,2.5
387942,"ROAST HOT HOUSE BABY LAMB, MINT SAUCE",False,False,False,,1,1,1918,1918,,
88791,"OMELETS, VARIES",False,False,False,,1,1,1897,1897,0,0
452151,"TAVERNE ROSE PINK, BRUT",False,False,False,,1,1,0,0,0,0
116614,FLANNEL CAKES WITH GENUINE MAPLE SYRUP,False,False,False,,1,1,1899,1899,0,0
37410,KALBFLEISCH FRICASSEE,False,False,False,,1,1,1901,1901,0,0
446024,"BAKED SAGO PUDDING, LEMON CREAM SAUCE",False,False,False,,1,1,1917,1917,0.15,0.15
138395,ROAST BEEF CALIENTE (SANDWICH),True,False,False,,1,1,0,0,22,22
439311,COLD FERRIS HAM,False,False,False,,1,1,1905,1905,,
469818,SCRAMBLED EGGS WITH TRUFFLES,False,False,False,,1,1,1912,1912,1,1
339165,BANANA ROYAL PARFAIT,False,False,False,,1,1,1937,1937,0,0
256276,TOMME DE SAVOIE CHEESE,False,False,False,,2,2,1959,1963,0,0
407548,KAFFEE,False,False,False,,2,2,0,0,0,0
422736,"BROILED SWEETBREADS, GREEN PEAS",False,False,False,,1,1,1915,1915,0.6,0.6
286986,ASSORTMENT OF RELISHES,False,False,False,,1,1,1963,1963,0,0
361105,STUFFED TOMATO 40,False,False,False,,4,4,1933,1933,0,0
173991,RAVIOLO WITH CRABMEAT,False,False,False,,1,1,0,0,0,0
314556,POTATOES OR POT CHEESE WITH SOUR CREAM,False,False,False,,1,1,1948,1948,0.95,0.95
452805,"FROGS' LEGS, AMERICAN STYLE",False,False,False,,2,2,0,0,0,0
406726,"BROILED BREADED CHICKEN, DEVILED",False,False,False,,1,1,1917,1917,1.5,1.5
486064,TOMATOES OR CUCUMBERS AND LETTUCE,False,False,False,,1,1,1913,1913,0.15,0.15
321858,"PRIME FILET MIGNON, WITH FRENCH FRIED POTATOES AND SALAD",False,False,False,,1,1,1972,1972,9.25,9.25
391112,"LONDON BROIL ON TOAST, TOMATO SAUCE",False,False,False,,1,1,1918,1918,,
137844,FISH MEUNIERE,False,False,False,,1,1,1968,1968,0,0
460870,BROILED SMALL STEAK WITH POTATOES,False,False,False,,1,1,0,0,0,0
386181,WHITE ROCK MINERAL WATER,False,False,False,,20,20,1912,1918,0.15,0.5
299974,"AUFSCHNITTPLATTE, BUTTER UND BROT",False,False,False,,1,1,1955,1955,0,0
96788,SMALL PATTIES A LA ROYALE,False,False,False,,1,1,1894,1894,0,0
8866,SARSAPARILLA IMPORTED,False,False,False,,2,2,1901,1901,0.25,0.25
29876,"CANVAS BACK DUCK, WITH FRIED HOMINY",False,False,False,,1,1,1900,1900,0,0
70222,CAFE PUDDING,False,False,False,,1,1,1907,1907,0.25,0.25
199170,ROASTBEEF TRIANON,False,False,False,,1,1,1910,1910,0,0
329018,FRIED (3) OYSTERS,False,False,False,,1,1,1940,1940,0.25,0.25
412495,FRIED CODFISH CAKES TOMATOE SCE,False,False,False,,1,1,1917,1917,0.25,0.25
15868,"BREAST OF LAMB, JARDINIERE",False,False,False,,3,3,1893,1900,0,0
386017,FRIED OR GRILLED SWEETS POTATOES,False,False,False,,4,4,1918,1918,0.25,0.25
427065,4- MT POCONO BROOK TROUT -FISHERMAN STYLE CRISPY JULIENNE POTATOES CREAMY COLE SLAW,False,False,False,,1,0,1959,1959,3,3
13018,TOAST AU LAIT,False,False,False,,4,4,1900,1906,0.2,0.25
70553,"OLD GOLDEN, GONZALES, BYASS & CO",False,False,False,,1,1,1900,1900,0.75,1.5
455190,"CORN FRITTERS, SPAGHETTI WITH CHEESE, NEW CAULIFLOWER, SWEET POTATO",False,False,False,,1,1,0,0,0,0
25445,BERNCASTELER DOCTOR,False,False,False,,27,30,1893,1969,0,14
235066,BORSCHT KOOP,False,False,False,,1,1,1969,1969,1.3,1.3
215582,COLD: PICKLED PORK,False,False,False,,1,1,1901,1901,0,0
132793,CREPE SUZETTE,False,False,False,,15,22,1931,1962,0,2.25
158772,"PINOT GRIGIO, SANTA MARGHERITA",False,False,False,,2,2,1984,2012,8.95,12.5
497982,SAINT-MARCEAUX VERY DRY,False,False,False,,1,1,1913,1913,0,0
24641,"POTATOES, SAUTEES OR STEWED",False,False,False,,2,2,1900,1901,0.1,0.15
99613,GENUINE GRUYERE CREAM CHEESE,False,False,False,,2,2,1900,1900,0.35,0.35
58304,SHRIMP RICE CURRY,False,False,False,,1,1,1900,1900,0,0
218219,ARTICHOKES OLIVE OIL,False,False,False,,1,1,1973,1973,0,0
276746,"SCHWEINSKOTELETTE VOM GRILL, POMMES FRITES UND TOMATENSALAT",False,False,False,,1,1,1959,1959,0,0
418808,CAFE FRAPPE AU KIRSCHE,False,False,False,,1,1,1918,1918,0.35,0.35
253651,"WALDORF SALAD, GARNI",False,False,False,,1,1,1987,1987,0,0
406024,TURKEY CROQUETTES AND CREAM SAUCE,False,False,False,,1,1,1917,1917,0.2,0.2
486757,"TENDERLOIN STEAK, WITH TRUFFLES",False,False,False,,1,1,1913,1913,2,2
442863,"ANHEUSER BUSH, BUDWEISER",False,False,False,,1,1,1914,1914,0.2,0.2
142807,ESCALOPINE OF VEAL AU MARSALA,False,False,False,,2,2,1955,1961,0,0
147942,BAKED-STUFFED MT TROUT FROM THE COLD GLACIER WATERS OF COLORADO,False,False,False,,1,1,1969,1969,3.75,3.75
311980,BEEF TAMALE,True,False,False,,3,3,1937,1948,0.3,0.5
110739,POMMES PERSILLADES,False,False,False,,1,1,1890,1890,0,0
276837,BLUEFORT CHEESE AND CRACKERS,False,False,False,,1,1,1954,1954,0,0
206406,OYSTERS: CREAM BROIL,False,False,False,,2,2,1901,1907,0.5,0.5
316424,SLICED CALAVO AVOCADO CRAB OR SHRIMP SALAD,False,False,False,,1,1,1948,1948,1.75,1.75
56547,"CIGARS, MANUEL GARCIA, INVENCIBLE",False,False,False,,2,2,1901,1901,0.3,6.5
507407,"REUBEN'S SPECIAL TURKEY, ROAST VIRGINIA HAM, SWISS CHEESE, COLE SLAW, RUSSIAN DRESSING",False,False,False,,0,0,0,0,0,0
341848,SLICE ROAST,False,False,False,,1,1,1935,1935,0,0
283031,"BROILED CALF'S LIVER WITH BACON OR ONIONS, MASHED POTATOES",False,False,False,,1,1,1954,1954,0,0
51543,"ICE CREAM AND ICES, COFFEE",False,False,True,,1,1,1900,1900,0.2,0.2
51629,SHREDDED WHEAT BISCUIT WITH CREAM,False,False,False,,11,11,1900,1943,0,0
409469,BACON WITH EGGS,False,False,False,,1,1,1939,1939,,
293116,"FUSILLI, FUNGHI SALSA",False,False,False,,1,1,1963,1963,0,0
294579,OATMEAL WITH HALF AND HALF CREAM,False,False,False,,1,1,1953,1953,0,0
118554,SCHOLLE AUF MULLER ART,False,False,False,,1,1,1906,1906,0,0
494938,ŒUFS CARLTON,False,False,False,,1,1,1961,1961,,
197869,"SALAD, BRAZILIENNE",False,False,False,,1,1,1907,1907,0.5,0.5
380772,"CRAB GUMBO, CREOLE",False,False,False,,3,3,1914,1916,0.15,0.3
269127,ROAST BEEF MUSHROOM SAUCE FRENCH FRIED POTATOES,True,False,False,,1,1,1900,1900,0,0
158616,"SAUMON GRILLE, BEURRE MAITRE D'HOTEL",False,False,False,,1,1,0,0,0,0
339716,YORKSHIRE HAM STEAK,False,False,False,,1,1,1937,1937,0,0
165665,"HØNSEKOD, ASPARGES, CHAMPIGNONS, AGURK I MAYONNAISE",False,False,False,,1,1,0,0,0,0
88324,"ASPARAGUS, TIPS IN CREAM",False,False,False,,1,1,1906,1906,0.4,0.4
466861,BAKED OYSTERS IN SHELL,False,False,False,,1,1,1917,1917,0.5,0.5
310385,"SLOE GIN FIZZ, IMP",False,False,False,,1,1,1947,1947,0.75,0.75
317235,GARVEY'S,False,False,False,,1,1,1948,1948,0.75,0.75
252881,GRILLED FRESH CALF LIVER WITH BACON,False,False,False,,1,1,1957,1957,0,0
436282,MOET CHANDON FRAPPE,False,False,False,,1,1,1888,1888,,
99201,"SHERRY, DUFF, GORDON & CO",False,False,False,,1,1,1905,1905,0.75,1.5
195279,NEW-LAID EGGS,False,False,False,,7,7,1910,1910,0,0
196100,"LEG OF PORK, BEAN SALAD",False,False,False,,1,1,1910,1910,0,0
113553,COLD CAPON WITH SMITHFIELD HAM,False,False,False,,1,1,1905,1905,0,0
498274,POMMES SAUTÉES,False,False,False,,1,1,1913,1913,0.5,0.5
458876,"CH DILLON, N JOHNSTON",False,False,False,,1,1,0,0,0,0
282334,"BEEF PEPPER STEAK SERVED WITH VEGETABLE, SALAD, ROLL, AND CHOICE OF POTATO OR RICE",True,False,False,,1,1,1988,1988,3.75,3.75
102360,DAWSON'S,False,False,False,,1,1,1900,1900,1.5,1.5
307203,ROLET ROAST A LA CRIOLLA,False,False,False,,1,1,1944,1944,0.7,0.7
347572,"MARTINI COCKTAIL - GINE, FRENCH VERMOUTH, OLIVE",False,False,False,,1,1,1950,1950,0,0
451690,MONDAINE,False,False,False,,2,1,1914,1914,0.5,0.5
392843,"OYSTERS HALF SHELL, CAPE CODS",False,False,False,,2,2,1917,1918,0.3,0.3
317897,SANTA CLARA CABERNET,False,False,False,,1,1,1949,1949,0,0
443029,NEW POTATOES WOTH PARSLEY,False,False,False,,1,1,1916,1916,,
118531,TIMBALES DE FOIE-GRAS A LA PERIGORD,False,False,False,,1,1,1901,1901,0,0
44093,GREER'S SCTOCH WHISKEY,False,False,False,,1,1,1900,1900,1.5,1.5
358124,AYALA BRUT CHAMPAGNE,False,False,False,,1,1,1906,1906,0,0
109002,SARDINES AND EGGS,False,False,False,,1,1,1907,1907,0.3,0.3
200267,BRAISED LEG OF MUTTON,False,False,False,,2,2,1910,1910,0,0
342575,"COFFEE, PER POT OR CUP",False,False,True,,1,1,1901,1901,0,0
139437,FRECCIAROSSA,False,False,False,,5,5,1939,1958,0,5
489930,"OLD SEAL BRANDY, PONY",False,False,False,,1,1,1913,1913,5,25
1821,EXTRA FILET STEAK,False,False,False,,2,2,1900,1900,1,1
93212,"TRIPE IN CREAM WITH ONIONS, SHANLEY",False,False,False,,1,1,1900,1900,0.5,0.5
77130,FILETS DE BASSE RAYEE CARDINAL,False,False,False,,1,1,1906,1906,1,1
27792,MUTTON CHOPS [SPECIAL],False,False,False,,1,1,1900,1900,0.4,0.4
83230,VERMOUTH NOILLY PRAT OU TURIN,False,False,False,,1,1,1900,1900,0,0
133584,SELECTED DELICACIES FROM VARIOUS COUNTRIES,False,False,False,,1,1,1969,1969,0,0
335783,MILK PUNCH WITH EGG MIXED DRINK,False,True,False,,1,1,1941,1941,0,0
281411,"2 EGGS, ANY STYLE, SERVED WITH HASHBROWNS & HOT BUTTERED TOAST",False,False,False,,1,1,1988,1988,2.5,2.5
84787,HOT CORN MEAL MUSH AND MILK,False,False,False,,1,1,1899,1899,0,0
426958,"YOKAN, SWEET JAPANESE CONFECTIONS",False,False,False,,1,1,1985,1985,2.5,2.5
89407,"GREEN TURTLE, AUX COGNAC",False,False,False,,1,1,1899,1899,0,0
9474,"PLANKED BLUEFISH, MAITRE D'HOTEL",False,False,False,,3,3,1900,1901,,
240527,GRAPE FRUIT YOGHURT-MISCHGETRANKE,False,False,False,,1,1,1958,1958,0,0
176270,POMMES DE TERRE BRABANT,False,False,False,,2,2,1967,1969,0.8,0.8
149858,"ATLANTIC SWORDFISH STEAK CENTER CUT, CORIANDER BUTTER SAUCE",False,False,False,,1,1,1987,1987,17,17
232381,CHATEAU COULET 1961,False,False,False,,1,1,1967,1967,0,0
222074,"CHICKEN SAUTE CHASSEUR, WHITE WINE SAUCE, PARSLTY POTATO AND GREEN PEAS",False,False,False,,1,1,1966,1966,2.5,2.5
493727,"COUNTRY SAUSAGES, FRIED BANANAS",False,False,False,,0,0,0,0,0,0
474767,CANNETON GRILLE,False,False,False,,1,1,1912,1912,1.5,3
199800,GALANTINE DE VOLAILLE EN BELLE-VUE,False,False,False,,1,1,1910,1910,0,0
342720,NOISETTES DE PRE-SALE ARAGO,False,False,False,,1,1,1935,1935,0,0
307106,KEY WEST TURTLE SOUP,False,False,False,,3,3,1944,1948,0,0
456489,"EGGS, SCRAMBLED WITH TOMATO",False,False,False,,2,2,0,0,0,0
7250,"RENAULT BRANDY, 50 YEARS OLD",False,False,False,,5,5,1900,1900,6,6
146030,"TOURNEDOS, SCE, BEARNAISE",False,False,False,,1,1,0,0,0,0
176321,"VERMOUTH, FRANZ",False,False,False,,1,1,0,0,0,0
204426,KLONDIKE SORBET,False,False,False,,1,1,1910,1910,0,0
185351,BANANA CREAM PIE,False,False,False,,25,28,1939,1989,0.15,2.75
491518,SALADE DE BETTERAVE,False,False,False,,1,1,1962,1962,0,0
238136,GEM EIS MIT SAHNE,False,False,False,,2,2,1955,1958,0,0
368872,FINE CALIFORNIA WINE,False,False,False,,1,1,1948,1948,0,0
149809,"BRAUNES WURZFLIESCH MIT SPIEGELEI, SALZKARTOFFELN",False,False,False,,1,1,1958,1958,0,0
99653,FROGS' LEGS AND CHIVES,False,False,False,,1,1,1906,1906,1.25,1.25
108641,"MOSELBLUEMCHEN, SAARBACH & CO",False,False,False,,1,1,1900,1900,2,2
138730,SUNOMONO,False,False,False,,1,1,0,0,0.85,0.85
346186,EISBEIN MIT ERBSENBREI UND SAUERKOHL,False,False,False,,1,1,1935,1935,0,0
401018,"COLD LOBSTER, MAYONNAISE SAUCE, HALF",False,False,False,,1,1,1917,1917,0.8,0.8
246603,"MATJESFILET IN SAHNE MIT APFEL, ZWIEBEL, BUTTER UND KARTOFFELN",False,False,False,,1,1,1957,1957,0,0
337707,HOT WAGON SERVICE,False,False,False,,1,1,1937,1937,0,0
19565,BANANES A L'AIGRE-DOUX,False,False,False,,3,3,1906,1907,0.3,0.3
155223,KALBLEBERKUCHEN IN KREBSSAUCE MIT KALIFORNISCHEM SPARGEL,False,False,False,,1,1,0,0,0,0
261894,BEEF BOURGUIGNONNE - CUBES OF BEEF PREPARED WITH ONIONS AND BURGUNDY WINE,True,False,False,,1,1,1977,1977,0,0
438853,ALLEN'S WILD CAT,False,False,False,,1,1,1914,1914,,
78287,ROAST LEG OF MUTTON CURRANT JELLY,False,False,False,,3,3,1900,1917,0.35,0.35
453450,CALF'S FOOT À LA WINDSOR,False,False,False,,2,2,1900,1900,0.25,0.4
115684,FILET OF SOLE FRIED OR VIN BLANC,False,False,False,,1,1,1905,1905,0.6,0.6
49103,BOILED SMOKED OX-TONGUE,False,False,False,,1,1,1900,1900,0,0
6683,CUT ORANGES,False,False,False,,4,4,1900,1900,0,0
66536,TIMBALES DE RIZ A LA MILANAISE,False,False,False,,1,1,1885,1885,0,0
476414,FRENCH VANILLA [ICE CREAM] IN GLASS,False,False,False,,3,3,1918,1918,0.25,0.25
486047,"COUNTRY SAUSAGES, FRIED EGG AND BROILED BACON",False,True,False,,1,1,1913,1913,0.3,0.3
215727,PERSKE EN ROOMYS,False,False,False,,1,1,1973,1973,0,0
443452,PERRIER,False,False,False,,3,3,1914,1933,0.15,0.6
97922,SWEETBREAD WITH SPINACH,False,False,False,,1,1,1884,1884,0.8,0.8
353150,ASSORTIMENTS DE FRIANDISES,False,False,False,,1,1,1932,1932,0,0
392186,FRESH CORN WITH PAPRIKA,False,False,False,,6,6,1917,1917,0.3,0.3
355311,BISCUIT GLACE MCALPIN,False,False,False,,2,2,1933,1933,0,0
20365,"THEE, KAFFEE, HAFERCACAO",False,False,False,,1,1,1900,1900,0,0
184225,BREAD AND BUTTER: WHITE,False,False,False,,2,2,1938,1938,0.15,0.15
509112,BORDEAUX ROUGE: SAUTERNES CLOS MERCIER 1966,False,False,False,,1,1,1971,1971,0,0
344502,MACEDOINE DE FRUITS AU MARASQUIN,False,False,False,,1,1,1935,1935,0,0
430901,"CANADIAN CLUB WHISKEY, GLASS, BOT",False,False,False,,1,1,1914,1914,0.15,1.5
314543,"BROILED PORK CHOPS, APPLE SAUCE, VEGETABLE, POTATO",False,False,False,,1,1,1948,1948,1.75,1.75
89220,KALBS-ROULADE,False,False,False,,1,1,1901,1901,0,0
476757,"LOBSTER SALAD, CHICKEN",False,False,False,,1,1,1943,1943,1.5,1.5
384488,LARDED SIRLOIN OF BEEF,True,False,False,,1,1,1918,1918,,
455520,CREAM FRESH TOMATOES SOUP WITH TAPIOCA,False,False,False,,1,1,0,0,0,0
297102,"FRESH FRUIT SALAD, COUNTRY COTTAGE CHEESE, SOUR CREAM SALAD DRESSING",False,False,False,,1,1,1955,1955,1.95,1.95
150496,VEAL FILLETS WITH FRESH GRAPES IN MUSHROOM AND CREAM SAUCE (VITELLO 'WHITE ELEPHANT'),False,False,False,,1,1,1972,1972,0,0
71459,L ROEDERER BRUT,False,False,False,,2,2,1905,1905,2,4
397136,POUSSIN,False,False,False,,1,1,1917,1917,1.6,1.6
170007,FOIE DE CANARD FRAIS AUX RAISINS,False,False,False,,1,1,1970,1970,0,0
1037,CAVIAR ON TOAST,False,False,False,,135,138,1890,1940,0,35
512068,GEFÜLLTES MELONENSCHIFFCHEN MIT SHRIMPS UND KÄSEWÜRFELN,False,False,False,,1,1,0,0,0,0
10679,"BAKED FRESH MACKEREL, CREOLE",False,False,False,,3,3,1900,1901,0.25,0.6
96287,BOWL OF COLD RICE AND MILK,False,False,False,,1,1,1900,1900,0.1,0.1
475835,SLICED LONDON BROIL AU JUS,False,False,False,,1,1,1998,1998,11.99,11.99
122628,HARPER WHISKEY,False,False,False,,1,1,1897,1897,0,0
311431,"FRESH SELECT FISH, DU JOUR",False,False,False,,4,4,1943,1946,0,0
189312,PEA PODS WITH WATER CHESNUTS AND PORK,False,False,False,,1,1,0,0,0,0
56190,AND COLD DISHES,False,False,False,,1,1,1901,1901,,
511737,"CHILD'S PLATE TACO, TOSTADA, OR TAMALE, WITH BEANS OR POSOLE, BEVERAGE 250",False,False,False,,1,0,1987,1987,2.5,2.5
172711,"KALBSSCHNITZEL MIT BRAUNEM KNOBLAUCH, TOMATENNUDELN UND SALAT - ESCALOPE DE VEAU GOUSSE D'AIL AVEC NOUILLES AUX HERBES ET SALADE - EXCALOPE OF VEAL WITH GARLIC, NOODLES WITH HERBS AND SALAD",False,False,False,,1,1,1987,1987,0,0
388844,"OXFORD CLUB, DRY",False,False,False,,4,4,1917,1918,0.3,2.5
291963,OX-TONGUE MIKADO,False,False,False,,1,1,1963,1963,0,0
203577,BAYERISCHE CREME,False,False,False,,1,1,1910,1910,0,0
217494,"SADDLE OF BABY LAMB SARDALAISE, JELLY OR MINT SAUCE",False,False,False,,1,1,1973,1973,0,0
183272,CHRISTMAS FRUIT CAKE,False,False,False,,5,5,1955,1963,0,0
349996,"VEAL CUTLET SMOTHERED WITH PAPRIKA, HUNGARIAN STYLE, SPATZELIS IN BROWN BUTTER",False,False,False,,1,1,1933,1933,1,1
117529,"ROAST FANCY CAPON, CELERY DRESSING, COMPOTE",False,False,False,,1,1,1907,1907,0,0
452933,SQUAB CASSEROLE,False,False,False,,1,1,0,0,0,0
465817,"FRIED FILET OF ENGLISH SOLE, SAUCE VERTE, JULIENNE POTATOES",False,False,False,,1,1,1917,1917,0.35,0.35
264903,SALADE MONEGASQUE,False,False,False,,1,1,1964,1964,0,0
407602,"ROAST SPRING LAMB, MINT SAUCE (READY)",False,False,False,,1,1,1917,1917,0.9,0.9
466530,SCOTCH HIGHBALLS,False,False,False,,1,1,1912,1912,0.15,0.15
369653,CONSUMME (LIQUIDE OR JELLY) OKRA,False,False,False,,1,1,1933,1933,0,0
280767,"FISH CAKES, WITH ONE FRIED EGG, AND COFFEE, TEA OR COCOA",False,True,True,,1,1,1900,1900,0.25,0.25
235215,"KARTOFFELN, GEBACKENE",False,False,False,,2,2,1929,1969,0,0
367188,"VOL AU VENT OF CHICKEN, FRESH STRING BEANS, STRAW POTATOES, CHOICE OF SALAD OR DESSERT, COFFEE OR TEA",False,False,True,,1,1,1933,1933,0,0
296930,COUPES: FAVORITE,False,False,False,,1,1,1955,1955,0.5,0.5
292734,"ORIG UNG GOULASCH, DILLGURKE, KOPFSALAT",False,False,False,,1,1,1958,1958,0,0
116691,OMELETTE WITH SAUSAGE,False,False,False,,1,1,1901,1901,0,0
445997,CREAM OF TOMATOES [SOUP],False,False,False,,1,1,1917,1917,0.25,0.25
189960,FRIED RICE WITH PORK,False,False,False,,2,2,0,0,3.95,3.95
492738,"EGG, TETRAZINI",False,True,False,,1,1,1913,1913,0.3,0.3
252193,"PINOT CHARDONNAY LES CHARMES, 1983",False,False,False,,1,1,1985,1985,0,0
103083,JULIENUE,False,False,False,,1,1,1900,1900,0.1,0.1
477034,POMMES DE TERRE PARISIENNES,False,False,False,,5,5,1913,1913,,
411430,AFRICAN ICE,False,False,False,,1,1,1917,1917,0.5,0.5
144665,SAUMON BOUILLI,False,False,False,,1,1,0,0,0,0
275445,CLARET ORANGEADE,False,False,False,,5,5,1944,1961,0.35,0.95
151584,BOURBON WHISKY FOUR ROSES 4 CL,False,False,False,,1,1,1966,1966,0,0
481361,"STUFFED TURKEY, CRANBERRY SAUCE",False,False,False,,1,1,0,0,0,0
184063,BAKED IN JACKET POTATO AND TOSSED GREEN GROCERS SALAD,False,False,False,,1,1,0,0,0,0
7722,"FRIED SCALLOPS, TOMATO SAUCE",False,False,False,,10,10,1900,1910,0.35,0.6
134389,HELDERE SCHILDPADSOEP,False,False,False,,1,1,0,0,0,0
311757,"UNJOINTED FRIED HALF SPRING CHICKEN ON TOAST, COUNTRY GRAVY",False,False,False,,1,1,1946,1946,0,0
311889,COLORADO SNOW WATER RAINBOW TROUT SAUTE MEUNIERE,False,False,False,,1,1,1946,1946,0,0
161514,JOHANNISBEERSAFT,False,False,False,,8,8,1955,1988,0,0
500911,"LAMB CHOP, CARDINALICE",False,False,False,,1,1,1913,1913,0.65,0.65
225620,GEBACKENE EIER AMERICAINE MIT GEGRILLTEM SPECK,False,False,False,,1,0,1965,1965,0,0
255653,MARYLAND SHAD ROE,False,False,False,,1,1,1962,1962,2.75,2.75
284948,"1952 ZELTINGER HIMMELREICH, SPATLESE, NATURREIN, WACHSTUM BERNHARD SCHEER, ORIGINALKELLERABZUG, KORKBRAND",False,False,False,,1,1,1954,1954,0,0
361694,"STEAMED CLAMS, DRAWN BUTTER, PICKLED CABBAGE, SALTINES, CLAM BROTH",False,False,False,,1,1,1941,1941,0,0
383035,"WEHLENER ROSENBERG, 1907, 1/2 BOTTLE, BOTTLE",False,False,False,,1,1,1916,1916,0.8,1.5
420546,FRESH MUSHROOMS SAUTE,False,False,False,,1,1,1918,1918,0.65,0.65
499315,BROILED OR FRIED GREEN BLUEFISH,False,False,False,,1,1,1913,1913,0.25,0.25
484160,OMELETTE KÖNIGIN-ART,False,False,False,,1,1,0,0,0,0
290401,TRENETTE WITH TOMATO SAUCE,False,False,False,,1,1,1963,1963,0,0
83430,FINNAN HADDIE OR STRIPED BASS,False,False,False,,1,1,1905,1905,0.5,0.5
160969,"SCHILDKROTENSUPPE ECHT, LACROIX",False,False,False,,1,1,0,0,0,0
154231,FIGUES MATIGNON,False,False,False,,1,1,0,0,0,0
336147,LE WATER MELON FRAPPE,False,False,False,,1,1,1937,1937,0,0
503063,"HALF COLD LOBSTER, SLICED TOMATOES",False,False,False,,1,1,1913,1913,0.4,0.4
306163,"LE COQ DE CHOIX A LA CREME ET AU FOIE GRAS, FLAMBE AU COGNAC",False,False,False,,1,1,1944,1944,4,4
341463,TESTA DI MORO,False,False,False,,1,1,1980,1980,0,0
501864,"CANARD MALLARD, ROTI,",False,False,False,,1,1,1916,1916,,
110488,HEPTOL SPLITS,False,False,False,,1,1,1907,1907,0.15,0.15
378372,WAX BEANS,False,False,False,,4,4,1915,1919,0.3,0.3
366530,"BOILED GASPE SALMON, SAUCE FLEURETTE",False,False,False,,1,1,1927,1927,0,0
445322,BACON AND EGGS (BEECHNUT),False,False,False,,17,17,1913,1914,0.25,0.35
355492,ROMAINE AND PINEAPPLE SALAD,False,False,False,,23,25,1912,1933,0.4,0.4
455025,CHERKINS,False,False,False,,1,0,0,0,0,0
453202,CREME DU NORD,False,False,False,,1,1,0,0,0,0
